B1,B2,B3,B4,B5,B6,B7,B8,B9,RP
-80,-78,-53,-76,-78,-77,-83,-78,-80,P_3_3
-64,-73,-55,-72,-78,-76,-79,-78,-105,P_3_3
-69,-68,-58,-70,-80,-80,-82,-71,-82,P_3_3
-69,-65,-58,-70,-80,-77,-85,-72,-92,P_3_3
-65,-67,-56,-69,-80,-77,-76,-71,-79,P_3_3
-64,-67,-56,-70,-78,-76,-78,-73,-80,P_3_3
-64,-75,-56,-74,-81,-78,-76,-82,-81,P_3_3
-65,-76,-56,-70,-80,-78,-78,-89,-81,P_3_3
-69,-68,-58,-69,-80,-78,-85,-73,-90,P_3_3
-70,-68,-59,-71,-79,-79,-83,-72,-105,P_3_3
-64,-68,-56,-70,-79,-77,-81,-72,-82,P_3_3
-66,-68,-56,-71,-78,-78,-80,-77,-83,P_3_3
-66,-76,-56,-74,-81,-78,-78,-74,-83,P_3_3
-72,-73,-56,-75,-74,-74,-78,-75,-93,P_3_3
-71,-73,-57,-73,-76,-76,-81,-74,-82,P_3_3
-74,-72,-57,-76,-78,-74,-80,-74,-84,P_3_3
-82,-80,-78,-70,-81,-74,-70,-72,-79,P_6_2
-84,-86,-79,-69,-82,-73,-71,-72,-76,P_6_2
-81,-77,-76,-70,-76,-71,-69,-69,-82,P_6_2
-75,-77,-74,-67,-71,-80,-70,-71,-76,P_6_2
-83,-84,-76,-68,-74,-78,-67,-76,-84,P_6_2
-80,-80,-77,-68,-81,-74,-66,-69,-73,P_6_2
-75,-79,-105,-67,-69,-69,-66,-66,-75,P_6_2
-85,-76,-86,-70,-71,-72,-68,-75,-77,P_6_2
-78,-78,-80,-68,-76,-74,-65,-70,-74,P_6_2
-80,-78,-76,-69,-85,-72,-67,-71,-73,P_6_2
-84,-79,-73,-77,-78,-76,-71,-70,-78,P_6_2
-81,-76,-80,-76,-71,-70,-73,-73,-77,P_6_2
-80,-74,-74,-69,-71,-66,-74,-77,-76,P_6_2
-78,-81,-77,-62,-71,-68,-72,-78,-77,P_6_2
-78,-77,-76,-63,-74,-68,-71,-76,-76,P_6_2
-80,-105,-73,-62,-68,-69,-72,-70,-82,P_6_2
-78,-81,-82,-84,-78,-80,-63,-63,-71,P_9_1
-79,-83,-82,-78,-80,-66,-64,-56,-74,P_9_1
-78,-91,-80,-81,-75,-76,-69,-63,-72,P_9_1
-88,-94,-82,-80,-73,-80,-68,-75,-73,P_9_1
-80,-86,-82,-82,-74,-69,-68,-66,-71,P_9_1
-76,-83,-82,-78,-72,-70,-71,-65,-70,P_9_1
-85,-84,-79,-82,-71,-72,-72,-59,-70,P_9_1
-78,-105,-79,-78,-74,-66,-73,-57,-78,P_9_1
-89,-93,-80,-83,-72,-74,-70,-59,-72,P_9_1
-91,-85,-76,-82,-72,-78,-69,-63,-72,P_9_1
-76,-82,-78,-83,-73,-76,-71,-56,-71,P_9_1
-82,-83,-80,-79,-75,-68,-69,-57,-71,P_9_1
-81,-82,-80,-80,-72,-78,-71,-60,-69,P_9_1
-80,-86,-82,-82,-73,-66,-82,-58,-72,P_9_1
-82,-105,-83,-86,-72,-80,-76,-58,-73,P_9_1
-89,-105,-82,-84,-71,-78,-80,-60,-73,P_9_1
-79,-78,-72,-60,-80,-76,-74,-72,-73,P_6_1
-73,-80,-71,-66,-70,-77,-74,-70,-74,P_6_1
-72,-81,-67,-62,-70,-80,-69,-74,-72,P_6_1
-76,-81,-69,-66,-75,-79,-70,-80,-70,P_6_1
-73,-80,-71,-62,-68,-105,-74,-70,-73,P_6_1
-105,-78,-72,-69,-68,-80,-105,-69,-80,P_6_1
-80,-84,-68,-69,-71,-79,-73,-63,-73,P_6_1
-73,-105,-69,-63,-72,-75,-70,-66,-71,P_6_1
-72,-78,-68,-63,-68,-75,-67,-80,-80,P_6_1
-70,-105,-67,-68,-67,-70,-72,-72,-71,P_6_1
-72,-82,-71,-69,-69,-73,-72,-66,-75,P_6_1
-84,-84,-69,-72,-73,-82,-69,-66,-71,P_6_1
-79,-86,-68,-72,-75,-73,-69,-62,-71,P_6_1
-72,-84,-68,-71,-70,-73,-70,-66,-72,P_6_1
-72,-84,-70,-71,-70,-72,-70,-67,-72,P_6_1
-72,-83,-70,-71,-70,-72,-72,-66,-72,P_6_1
-76,-89,-64,-62,-67,-105,-78,-68,-72,P_5_1
-77,-76,-66,-66,-76,-76,-74,-74,-71,P_5_1
-78,-79,-67,-69,-76,-78,-70,-66,-73,P_5_1
-78,-81,-70,-65,-82,-76,-77,-64,-73,P_5_1
-77,-73,-67,-61,-76,-76,-76,-67,-75,P_5_1
-80,-87,-67,-67,-82,-80,-76,-68,-74,P_5_1
-78,-74,-105,-66,-83,-83,-83,-105,-73,P_5_1
-77,-77,-66,-63,-79,-80,-78,-76,-75,P_5_1
-79,-80,-70,-66,-83,-81,-78,-75,-75,P_5_1
-79,-81,-70,-66,-75,-80,-78,-74,-74,P_5_1
-74,-80,-66,-67,-76,-76,-84,-66,-75,P_5_1
-78,-80,-66,-70,-75,-81,-105,-67,-105,P_5_1
-74,-73,-66,-72,-76,-74,-71,-73,-72,P_5_1
-76,-71,-68,-67,-84,-81,-74,-69,-71,P_5_1
-84,-80,-66,-72,-71,-80,-73,-60,-74,P_5_1
-78,-77,-69,-68,-73,-79,-73,-70,-78,P_5_1
-79,-77,-64,-60,-75,-74,-74,-74,-88,P_5_1
-80,-74,-72,-79,-68,-78,-79,-72,-80,P_5_3
-76,-73,-68,-78,-69,-80,-79,-74,-85,P_5_3
-80,-74,-68,-78,-70,-82,-79,-74,-90,P_5_3
-79,-76,-73,-75,-68,-77,-83,-69,-76,P_5_3
-80,-72,-72,-77,-70,-74,-76,-72,-80,P_5_3
-80,-72,-76,-75,-78,-77,-84,-78,-91,P_5_3
-80,-73,-74,-77,-74,-81,-78,-76,-84,P_5_3
-78,-76,-70,-81,-62,-76,-78,-69,-80,P_5_3
-85,-76,-73,-70,-74,-72,-78,-71,-74,P_5_3
-78,-88,-70,-88,-64,-79,-80,-80,-80,P_5_3
-84,-76,-75,-70,-66,-71,-81,-73,-76,P_5_3
-84,-76,-76,-72,-68,-70,-105,-77,-76,P_5_3
-79,-76,-70,-73,-64,-73,-81,-70,-73,P_5_3
-75,-76,-70,-76,-77,-76,-76,-75,-78,P_5_3
-77,-74,-73,-72,-72,-80,-77,-70,-77,P_5_3
-81,-78,-68,-74,-79,-74,-74,-80,-81,P_5_3
-72,-96,-79,-72,-72,-65,-72,-68,-67,P_7_1
-82,-84,-74,-71,-71,-71,-71,-72,-71,P_7_1
-79,-83,-72,-74,-73,-74,-75,-105,-78,P_7_1
-80,-92,-70,-73,-69,-73,-74,-64,-73,P_7_1
-85,-89,-72,-72,-69,-75,-78,-62,-76,P_7_1
-72,-89,-73,-71,-69,-76,-76,-62,-72,P_7_1
-83,-87,-72,-74,-71,-80,-81,-67,-74,P_7_1
-87,-84,-72,-71,-70,-75,-77,-67,-73,P_7_1
-84,-86,-73,-72,-71,-74,-78,-68,-74,P_7_1
-75,-86,-72,-75,-70,-76,-80,-67,-76,P_7_1
-75,-84,-72,-77,-68,-77,-80,-68,-77,P_7_1
-74,-85,-73,-72,-70,-75,-79,-69,-74,P_7_1
-73,-87,-72,-72,-70,-73,-78,-68,-75,P_7_1
-83,-84,-73,-74,-71,-75,-81,-68,-75,P_7_1
-75,-82,-75,-76,-75,-72,-81,-67,-76,P_7_1
-76,-75,-75,-80,-74,-68,-73,-77,-74,P_7_1
-76,-76,-72,-70,-80,-80,-82,-80,-85,P_4_1
-74,-105,-72,-69,-105,-75,-105,-70,-81,P_4_1
-76,-71,-68,-69,-82,-77,-79,-74,-75,P_4_1
-78,-71,-66,-66,-78,-77,-84,-78,-78,P_4_1
-79,-72,-67,-71,-84,-75,-76,-72,-76,P_4_1
-81,-75,-68,-67,-87,-74,-77,-76,-78,P_4_1
-82,-73,-70,-67,-77,-96,-80,-73,-82,P_4_1
-76,-73,-75,-71,-79,-75,-83,-68,-88,P_4_1
-76,-70,-67,-68,-80,-77,-78,-76,-76,P_4_1
-81,-72,-68,-65,-84,-105,-78,-78,-77,P_4_1
-82,-76,-68,-65,-82,-83,-80,-80,-84,P_4_1
-83,-75,-69,-67,-79,-78,-82,-78,-84,P_4_1
-80,-74,-72,-69,-76,-85,-77,-74,-80,P_4_1
-75,-81,-71,-73,-76,-80,-77,-70,-83,P_4_1
-76,-77,-69,-69,-73,-74,-78,-69,-74,P_4_1
-77,-76,-69,-71,-77,-75,-80,-70,-74,P_4_1
-77,-76,-68,-69,-82,-75,-80,-74,-81,P_4_1
-76,-72,-62,-73,-72,-84,-76,-75,-81,P_4_2
-80,-72,-61,-78,-78,-76,-79,-78,-77,P_4_2
-78,-69,-60,-68,-73,-78,-77,-76,-75,P_4_2
-79,-70,-59,-73,-71,-78,-76,-72,-80,P_4_2
-79,-70,-62,-71,-71,-82,-81,-72,-81,P_4_2
-78,-70,-60,-83,-72,-89,-73,-78,-86,P_4_2
-76,-72,-61,-76,-75,-78,-75,-71,-86,P_4_2
-75,-69,-63,-77,-78,-84,-74,-77,-84,P_4_2
-75,-70,-66,-73,-76,-84,-76,-81,-81,P_4_2
-75,-71,-62,-70,-74,-90,-74,-77,-82,P_4_2
-75,-72,-61,-71,-76,-85,-73,-77,-82,P_4_2
-72,-69,-63,-75,-74,-78,-72,-71,-83,P_4_2
-75,-71,-61,-78,-80,-80,-85,-82,-87,P_4_2
-75,-70,-63,-76,-80,-80,-75,-105,-80,P_4_2
-74,-71,-67,-80,-80,-74,-75,-74,-81,P_4_2
-74,-74,-62,-77,-80,-80,-78,-74,-83,P_4_2
-73,-74,-61,-96,-78,-74,-78,-74,-83,P_4_2
-81,-89,-92,-105,-75,-72,-66,-105,-56,P_9_2
-82,-85,-83,-86,-75,-72,-61,-61,-58,P_9_2
-83,-83,-85,-84,-83,-72,-62,-65,-61,P_9_2
-84,-82,-86,-82,-77,-72,-63,-65,-63,P_9_2
-79,-82,-85,-80,-75,-72,-61,-63,-56,P_9_2
-86,-86,-80,-82,-75,-73,-71,-67,-54,P_9_2
-84,-92,-80,-89,-76,-73,-68,-63,-55,P_9_2
-83,-86,-80,-81,-76,-76,-70,-66,-56,P_9_2
-83,-86,-105,-90,-77,-74,-69,-76,-56,P_9_2
-84,-91,-81,-89,-76,-74,-70,-63,-55,P_9_2
-87,-105,-88,-89,-76,-73,-70,-63,-56,P_9_2
-82,-86,-85,-81,-77,-73,-69,-70,-56,P_9_2
-82,-87,-86,-81,-74,-75,-69,-75,-56,P_9_2
-86,-100,-78,-85,-73,-76,-75,-56,-57,P_9_2
-87,-91,-77,-85,-73,-77,-77,-56,-57,P_9_2
-81,-93,-77,-81,-71,-76,-74,-57,-56,P_9_2
-78,-86,-82,-81,-73,-76,-74,-56,-56,P_9_2
-83,-81,-82,-74,-81,-77,-63,-72,-75,P_8_3
-79,-78,-82,-72,-75,-68,-57,-70,-74,P_8_3
-80,-76,-79,-74,-75,-69,-60,-63,-74,P_8_3
-105,-78,-79,-73,-76,-69,-62,-67,-73,P_8_3
-79,-78,-78,-77,-76,-69,-63,-67,-74,P_8_3
-79,-78,-89,-74,-77,-80,-69,-62,-76,P_8_3
-76,-78,-79,-75,-78,-76,-59,-76,-74,P_8_3
-77,-80,-79,-77,-75,-76,-59,-70,-72,P_8_3
-82,-82,-78,-77,-74,-71,-65,-72,-74,P_8_3
-86,-82,-83,-74,-77,-70,-72,-70,-76,P_8_3
-79,-78,-83,-74,-75,-73,-73,-70,-75,P_8_3
-84,-77,-85,-70,-76,-81,-61,-66,-79,P_8_3
-83,-81,-82,-71,-84,-78,-60,-68,-77,P_8_3
-105,-78,-84,-71,-80,-76,-60,-76,-76,P_8_3
-80,-78,-82,-73,-78,-77,-62,-76,-72,P_8_3
-80,-77,-83,-70,-76,-76,-65,-72,-74,P_8_3
-80,-82,-79,-74,-77,-72,-69,-78,-77,P_8_3
-60,-56,-73,-74,-80,-83,-78,-77,-81,P_2_1
-64,-57,-75,-74,-81,-81,-85,-72,-80,P_2_1
-63,-59,-74,-78,-84,-82,-80,-70,-78,P_2_1
-66,-61,-76,-80,-81,-82,-80,-71,-80,P_2_1
-63,-62,-74,-77,-77,-81,-80,-71,-76,P_2_1
-62,-60,-71,-75,-78,-79,-84,-74,-79,P_2_1
-63,-62,-75,-76,-78,-82,-83,-73,-77,P_2_1
-62,-63,-75,-77,-78,-80,-83,-72,-76,P_2_1
-66,-65,-74,-78,-78,-80,-83,-79,-75,P_2_1
-62,-65,-74,-80,-78,-80,-83,-71,-75,P_2_1
-62,-65,-75,-79,-79,-80,-82,-71,-75,P_2_1
-62,-68,-74,-80,-80,-78,-78,-71,-75,P_2_1
-62,-71,-74,-80,-80,-79,-80,-70,-75,P_2_1
-62,-70,-75,-80,-80,-79,-80,-70,-75,P_2_1
-62,-71,-75,-80,-82,-79,-79,-70,-75,P_2_1
-62,-63,-70,-80,-80,-79,-80,-70,-75,P_2_1
-62,-60,-66,-79,-79,-77,-80,-74,-75,P_2_1
-63,-63,-70,-80,-80,-82,-82,-75,-77,P_2_1
-62,-61,-70,-77,-80,-82,-88,-74,-79,P_2_1
-63,-61,-71,-78,-78,-81,-86,-76,-80,P_2_1
-63,-63,-73,-81,-78,-82,-86,-75,-78,P_2_1
-63,-65,-73,-78,-78,-82,-87,-74,-79,P_2_1
-63,-63,-72,-80,-78,-82,-88,-74,-79,P_2_1
-63,-66,-74,-80,-80,-83,-84,-75,-79,P_2_1
-63,-63,-74,-80,-80,-84,-84,-73,-78,P_2_1
-61,-61,-78,-80,-81,-81,-82,-73,-80,P_2_1
-61,-60,-76,-80,-83,-84,-80,-74,-80,P_2_1
-61,-61,-76,-80,-82,-82,-81,-72,-80,P_2_1
-61,-61,-77,-82,-82,-82,-80,-72,-80,P_2_1
-74,-69,-68,-74,-82,-76,-79,-72,-84,P_3_2
-69,-70,-75,-82,-73,-77,-80,-78,-86,P_3_2
-73,-74,-73,-78,-78,-82,-81,-78,-80,P_3_2
-74,-71,-71,-77,-84,-76,-80,-78,-80,P_3_2
-77,-69,-68,-81,-78,-83,-78,-75,-83,P_3_2
-70,-70,-66,-74,-77,-82,-80,-81,-84,P_3_2
-76,-71,-64,-76,-76,-82,-74,-78,-80,P_3_2
-68,-66,-66,-75,-105,-79,-81,-76,-79,P_3_2
-80,-70,-68,-82,-76,-83,-82,-97,-86,P_3_2
-74,-67,-67,-80,-75,-80,-82,-76,-81,P_3_2
-74,-68,-73,-86,-76,-80,-83,-76,-81,P_3_2
-79,-68,-68,-80,-77,-83,-86,-90,-83,P_3_2
-80,-68,-68,-80,-75,-81,-83,-85,-84,P_3_2
-74,-68,-67,-85,-74,-79,-83,-75,-83,P_3_2
-74,-68,-66,-85,-74,-79,-84,-75,-84,P_3_2
-74,-67,-67,-80,-74,-79,-82,-76,-84,P_3_2
-75,-68,-67,-82,-76,-80,-80,-76,-84,P_3_2
-77,-59,-74,-73,-83,-82,-79,-75,-77,P_3_1
-68,-61,-73,-71,-74,-74,-78,-76,-83,P_3_1
-71,-62,-71,-77,-78,-84,-77,-73,-82,P_3_1
-71,-62,-71,-76,-82,-87,-78,-74,-80,P_3_1
-70,-63,-70,-77,-79,-83,-76,-75,-80,P_3_1
-72,-66,-72,-78,-78,-91,-82,-76,-84,P_3_1
-72,-65,-73,-78,-80,-86,-80,-76,-82,P_3_1
-71,-65,-74,-82,-80,-88,-81,-75,-83,P_3_1
-68,-64,-69,-74,-80,-81,-82,-77,-105,P_3_1
-68,-77,-66,-82,-81,-83,-82,-71,-86,P_3_1
-67,-64,-70,-77,-82,-84,-76,-85,-86,P_3_1
-75,-67,-71,-77,-78,-88,-80,-84,-82,P_3_1
-75,-61,-71,-78,-78,-91,-80,-105,-87,P_3_1
-68,-62,-71,-86,-80,-83,-76,-77,-78,P_3_1
-78,-62,-72,-90,-81,-83,-76,-75,-78,P_3_1
-69,-62,-71,-79,-80,-105,-86,-74,-83,P_3_1
-77,-72,-77,-76,-63,-74,-74,-70,-77,P_6_3
-76,-77,-84,-82,-70,-75,-78,-70,-76,P_6_3
-81,-77,-81,-78,-72,-82,-74,-69,-77,P_6_3
-80,-76,-78,-73,-71,-79,-73,-70,-72,P_6_3
-81,-76,-78,-72,-72,-80,-75,-68,-76,P_6_3
-82,-80,-78,-73,-76,-83,-76,-70,-78,P_6_3
-85,-72,-76,-72,-62,-76,-71,-69,-77,P_6_3
-82,-80,-77,-80,-62,-77,-80,-68,-79,P_6_3
-78,-80,-77,-85,-63,-76,-78,-67,-78,P_6_3
-78,-89,-76,-75,-62,-75,-78,-69,-76,P_6_3
-77,-88,-79,-74,-60,-76,-71,-67,-76,P_6_3
-78,-82,-75,-72,-63,-76,-68,-72,-79,P_6_3
-80,-74,-76,-72,-63,-76,-68,-70,-75,P_6_3
-73,-74,-73,-72,-62,-73,-76,-66,-83,P_6_3
-78,-78,-73,-78,-62,-83,-78,-72,-83,P_6_3
-79,-78,-73,-72,-62,-75,-78,-71,-80,P_6_3
-88,-83,-78,-90,-82,-79,-70,-63,-79,P_8_2
-78,-84,-77,-80,-72,-72,-70,-62,-76,P_8_2
-85,-82,-79,-83,-76,-80,-70,-63,-74,P_8_2
-84,-83,-79,-84,-75,-79,-72,-63,-71,P_8_2
-76,-85,-77,-78,-72,-73,-67,-62,-73,P_8_2
-78,-84,-76,-80,-76,-82,-71,-62,-67,P_8_2
-79,-85,-80,-82,-73,-79,-68,-60,-71,P_8_2
-80,-90,-77,-80,-73,-72,-68,-61,-68,P_8_2
-84,-84,-80,-82,-75,-77,-69,-62,-68,P_8_2
-82,-86,-82,-78,-76,-75,-61,-60,-70,P_8_2
-78,-82,-74,-74,-72,-74,-69,-62,-66,P_8_2
-74,-86,-74,-80,-72,-67,-71,-61,-69,P_8_2
-73,-85,-73,-76,-69,-74,-60,-63,-79,P_8_2
-80,-82,-75,-80,-70,-73,-68,-66,-68,P_8_2
-83,-82,-83,-86,-73,-74,-65,-65,-69,P_8_2
-78,-86,-77,-82,-71,-70,-66,-62,-70,P_8_2
-68,-72,-71,-73,-83,-84,-81,-74,-80,P_1_2
-67,-72,-69,-73,-83,-84,-75,-76,-79,P_1_2
-65,-72,-70,-75,-84,-82,-82,-76,-80,P_1_2
-67,-80,-70,-77,-81,-80,-78,-76,-80,P_1_2
-67,-82,-70,-76,-81,-80,-79,-79,-80,P_1_2
-66,-81,-76,-76,-82,-80,-80,-80,-80,P_1_2
-66,-82,-71,-76,-81,-80,-80,-80,-89,P_1_2
-66,-82,-70,-77,-81,-80,-80,-79,-80,P_1_2
-66,-84,-70,-77,-81,-81,-78,-77,-78,P_1_2
-67,-84,-72,-74,-80,-80,-82,-78,-79,P_1_2
-67,-84,-72,-74,-80,-80,-80,-77,-78,P_1_2
-67,-83,-70,-75,-80,-80,-80,-77,-78,P_1_2
-65,-82,-70,-75,-80,-80,-79,-78,-78,P_1_2
-67,-82,-69,-75,-80,-80,-80,-76,-78,P_1_2
-67,-80,-69,-76,-81,-80,-78,-78,-78,P_1_2
-67,-80,-70,-76,-81,-80,-82,-80,-78,P_1_2
-68,-75,-72,-76,-81,-80,-84,-78,-78,P_1_2
-67,-75,-71,-76,-81,-80,-85,-78,-80,P_1_2
-67,-77,-72,-77,-80,-80,-85,-78,-80,P_1_2
-68,-80,-70,-77,-81,-79,-85,-80,-78,P_1_2
-66,-80,-71,-76,-80,-79,-85,-80,-78,P_1_2
-66,-78,-71,-74,-80,-78,-82,-80,-77,P_1_2
-65,-76,-73,-73,-81,-82,-82,-77,-81,P_1_2
-66,-83,-71,-76,-80,-80,-81,-77,-78,P_1_2
-66,-83,-72,-75,-81,-80,-83,-81,-78,P_1_2
-67,-82,-72,-74,-80,-80,-80,-78,-78,P_1_2
-67,-81,-71,-75,-81,-80,-79,-77,-79,P_1_2
-67,-81,-70,-76,-81,-80,-78,-76,-79,P_1_2
-67,-81,-71,-76,-81,-80,-78,-76,-79,P_1_2
-75,-71,-69,-68,-69,-74,-71,-70,-77,P_5_2
-77,-70,-68,-67,-70,-72,-69,-70,-86,P_5_2
-78,-75,-68,-69,-70,-72,-70,-70,-82,P_5_2
-79,-77,-70,-74,-71,-75,-74,-82,-82,P_5_2
-82,-77,-68,-69,-70,-69,-72,-69,-82,P_5_2
-80,-76,-67,-69,-70,-70,-71,-70,-83,P_5_2
-80,-76,-70,-74,-72,-74,-73,-80,-83,P_5_2
-80,-76,-70,-74,-70,-72,-75,-76,-78,P_5_2
-79,-74,-67,-69,-69,-72,-73,-75,-80,P_5_2
-80,-70,-68,-72,-71,-69,-67,-71,-78,P_5_2
-79,-70,-67,-76,-70,-73,-68,-74,-84,P_5_2
-75,-70,-69,-73,-68,-73,-71,-70,-80,P_5_2
-76,-74,-70,-73,-77,-76,-71,-73,-81,P_5_2
-75,-74,-70,-74,-80,-78,-73,-74,-81,P_5_2
-81,-70,-66,-70,-78,-76,-74,-76,-80,P_5_2
-84,-72,-68,-72,-75,-78,-71,-74,-79,P_5_2
-84,-72,-68,-73,-76,-76,-73,-75,-79,P_5_2
-67,-60,-72,-78,-79,-79,-76,-76,-77,P_1_1
-67,-63,-71,-74,-80,-79,-76,-77,-75,P_1_1
-65,-62,-69,-77,-78,-78,-78,-76,-79,P_1_1
-63,-63,-69,-74,-77,-79,-78,-75,-81,P_1_1
-62,-66,-71,-71,-78,-75,-82,-70,-76,P_1_1
-62,-66,-71,-73,-80,-80,-78,-71,-78,P_1_1
-62,-71,-73,-72,-81,-78,-78,-70,-78,P_1_1
-62,-70,-73,-71,-80,-77,-80,-71,-77,P_1_1
-62,-71,-73,-71,-79,-77,-82,-72,-77,P_1_1
-62,-70,-73,-71,-80,-78,-82,-70,-77,P_1_1
-62,-71,-73,-70,-80,-77,-82,-70,-76,P_1_1
-62,-72,-73,-69,-80,-77,-81,-70,-77,P_1_1
-61,-72,-73,-71,-80,-77,-81,-71,-77,P_1_1
-62,-72,-73,-69,-80,-78,-81,-71,-78,P_1_1
-61,-68,-74,-71,-80,-76,-80,-70,-77,P_1_1
-60,-68,-76,-72,-81,-78,-78,-69,-80,P_1_1
-62,-66,-72,-74,-83,-77,-80,-71,-74,P_1_1
-62,-68,-69,-73,-80,-80,-77,-72,-75,P_1_1
-66,-69,-69,-75,-84,-78,-74,-70,-76,P_1_1
-61,-67,-74,-82,-80,-84,-77,-72,-76,P_1_1
-62,-66,-73,-77,-80,-82,-77,-74,-80,P_1_1
-62,-66,-72,-79,-81,-82,-78,-71,-82,P_1_1
-63,-64,-71,-76,-80,-82,-79,-70,-80,P_1_1
-62,-65,-71,-76,-80,-82,-79,-71,-80,P_1_1
-62,-65,-70,-76,-80,-84,-80,-72,-80,P_1_1
-63,-64,-70,-75,-80,-83,-80,-71,-80,P_1_1
-64,-64,-69,-73,-82,-84,-81,-72,-80,P_1_1
-66,-65,-69,-73,-82,-84,-80,-70,-80,P_1_1
-62,-66,-71,-75,-80,-83,-80,-71,-78,P_1_1
-82,-84,-80,-76,-77,-71,-74,-63,-64,P_8_1
-78,-83,-80,-82,-72,-70,-72,-69,-68,P_8_1
-82,-86,-82,-80,-71,-62,-69,-66,-70,P_8_1
-81,-85,-85,-78,-69,-66,-72,-57,-70,P_8_1
-80,-87,-79,-79,-70,-61,-67,-60,-72,P_8_1
-85,-84,-83,-83,-70,-63,-68,-62,-64,P_8_1
-86,-84,-83,-85,-70,-62,-68,-62,-64,P_8_1
-84,-86,-83,-79,-71,-64,-70,-57,-62,P_8_1
-88,-84,-78,-105,-69,-64,-75,-58,-72,P_8_1
-80,-83,-79,-80,-73,-64,-72,-65,-78,P_8_1
-84,-82,-80,-82,-72,-62,-83,-63,-78,P_8_1
-86,-83,-78,-80,-70,-62,-70,-57,-71,P_8_1
-80,-90,-78,-80,-72,-62,-71,-65,-68,P_8_1
-74,-80,-81,-84,-69,-63,-69,-66,-63,P_8_1
-75,-88,-79,-77,-72,-69,-74,-75,-72,P_8_1
-77,-84,-81,-78,-77,-66,-75,-72,-73,P_8_1
-84,-88,-76,-79,-75,-68,-72,-67,-73,P_8_1
-83,-77,-85,-62,-68,-70,-69,-62,-75,P_7_2
-80,-95,-81,-67,-67,-80,-70,-71,-76,P_7_2
-81,-89,-84,-70,-69,-76,-67,-70,-74,P_7_2
-80,-92,-81,-69,-68,-70,-63,-68,-74,P_7_2
-76,-82,-82,-67,-68,-70,-62,-63,-72,P_7_2
-76,-86,-80,-70,-68,-70,-63,-63,-72,P_7_2
-75,-83,-83,-69,-66,-76,-62,-66,-70,P_7_2
-76,-87,-82,-69,-67,-85,-66,-66,-69,P_7_2
-79,-86,-81,-70,-69,-72,-67,-74,-72,P_7_2
-75,-90,-80,-70,-67,-81,-66,-78,-75,P_7_2
-76,-87,-81,-70,-66,-78,-63,-72,-75,P_7_2
-74,-82,-80,-68,-67,-73,-62,-66,-72,P_7_2
-76,-86,-82,-70,-67,-76,-62,-63,-70,P_7_2
-75,-88,-82,-70,-67,-76,-62,-66,-71,P_7_2
-78,-91,-80,-73,-69,-75,-65,-72,-76,P_7_2
-80,-93,-80,-71,-68,-76,-66,-70,-76,P_7_2
-75,-68,-73,-74,-77,-82,-80,-78,-87,P_4_3
-76,-72,-71,-78,-75,-90,-80,-77,-87,P_4_3
-78,-73,-67,-75,-84,-77,-92,-78,-78,P_4_3
-84,-70,-67,-72,-76,-74,-80,-77,-83,P_4_3
-84,-74,-76,-71,-77,-82,-81,-76,-82,P_4_3
-75,-70,-67,-71,-78,-74,-82,-76,-84,P_4_3
-88,-74,-67,-71,-78,-82,-83,-76,-82,P_4_3
-76,-70,-67,-71,-82,-74,-84,-75,-85,P_4_3
-76,-70,-68,-71,-81,-74,-84,-74,-80,P_4_3
-85,-74,-72,-72,-77,-83,-83,-75,-82,P_4_3
-86,-73,-71,-72,-78,-82,-83,-75,-81,P_4_3
-75,-70,-67,-70,-78,-74,-83,-75,-84,P_4_3
-76,-70,-67,-70,-77,-74,-84,-74,-84,P_4_3
-75,-73,-68,-73,-72,-80,-80,-78,-82,P_4_3
-74,-77,-67,-77,-67,-85,-80,-67,-77,P_4_3
-75,-77,-74,-75,-74,-81,-86,-74,-78,P_4_3
-75,-74,-76,-77,-72,-76,-85,-77,-80,P_4_3
-69,-68,-66,-74,-83,-77,-78,-76,-80,P_2_3
-65,-65,-60,-73,-80,-83,-85,-74,-84,P_2_3
-69,-67,-61,-75,-81,-81,-80,-74,-87,P_2_3
-71,-70,-62,-77,-82,-80,-86,-76,-86,P_2_3
-69,-68,-62,-76,-82,-83,-85,-72,-82,P_2_3
-69,-69,-63,-79,-83,-84,-83,-72,-81,P_2_3
-67,-69,-62,-78,-82,-83,-86,-73,-82,P_2_3
-69,-70,-62,-79,-81,-82,-85,-74,-84,P_2_3
-70,-68,-66,-79,-82,-84,-86,-71,-84,P_2_3
-67,-71,-61,-74,-85,-82,-83,-76,-80,P_2_3
-69,-68,-67,-77,-78,-78,-83,-75,-78,P_2_3
-69,-67,-60,-79,-82,-82,-80,-73,-85,P_2_3
-69,-66,-61,-81,-81,-87,-81,-75,-88,P_2_3
-68,-68,-63,-79,-81,-87,-82,-75,-92,P_2_3
-69,-67,-62,-81,-81,-88,-84,-77,-96,P_2_3
-66,-66,-62,-79,-82,-90,-83,-75,-82,P_2_3
-66,-64,-62,-80,-83,-85,-78,-75,-83,P_2_3
-70,-65,-60,-72,-80,-84,-78,-77,-82,P_2_3
-67,-68,-61,-75,-79,-83,-88,-77,-79,P_2_3
-67,-68,-60,-74,-80,-80,-82,-77,-80,P_2_3
-67,-70,-61,-73,-81,-82,-82,-81,-77,P_2_3
-66,-68,-60,-75,-82,-85,-82,-78,-79,P_2_3
-66,-69,-61,-76,-84,-88,-84,-76,-78,P_2_3
-72,-71,-61,-77,-82,-81,-86,-80,-81,P_2_3
-68,-70,-62,-74,-84,-82,-83,-81,-80,P_2_3
-69,-70,-60,-75,-83,-80,-81,-82,-81,P_2_3
-72,-69,-60,-78,-84,-80,-82,-85,-87,P_2_3
-71,-68,-61,-75,-83,-79,-84,-78,-83,P_2_3
-71,-68,-63,-74,-83,-81,-90,-76,-83,P_2_3
-72,-65,-77,-74,-81,-80,-77,-76,-80,P_2_2
-76,-72,-77,-80,-77,-79,-76,-75,-83,P_2_2
-74,-72,-76,-82,-76,-78,-77,-74,-86,P_2_2
-74,-74,-76,-82,-89,-81,-77,-76,-86,P_2_2
-72,-74,-79,-81,-77,-81,-77,-74,-89,P_2_2
-71,-73,-78,-82,-77,-82,-78,-73,-91,P_2_2
-73,-73,-78,-81,-76,-80,-78,-75,-88,P_2_2
-72,-72,-79,-80,-76,-81,-78,-73,-88,P_2_2
-77,-72,-78,-81,-76,-80,-77,-72,-90,P_2_2
-73,-73,-78,-81,-76,-82,-77,-74,-90,P_2_2
-71,-74,-78,-82,-77,-81,-78,-73,-88,P_2_2
-69,-74,-78,-83,-77,-82,-80,-72,-91,P_2_2
-72,-73,-79,-82,-76,-82,-77,-73,-92,P_2_2
-72,-73,-79,-82,-77,-82,-78,-72,-91,P_2_2
-71,-73,-78,-82,-77,-82,-79,-72,-93,P_2_2
-73,-71,-78,-82,-76,-79,-77,-73,-86,P_2_2
-69,-73,-74,-77,-78,-80,-77,-72,-80,P_2_2
-74,-74,-77,-82,-77,-78,-76,-73,-83,P_2_2
-72,-73,-78,-82,-77,-78,-76,-74,-88,P_2_2
-76,-73,-79,-81,-77,-78,-77,-76,-91,P_2_2
-75,-72,-78,-80,-78,-77,-75,-74,-86,P_2_2
-74,-71,-80,-80,-77,-77,-76,-75,-86,P_2_2
-74,-74,-82,-83,-78,-78,-77,-78,-87,P_2_2
-74,-75,-78,-81,-87,-78,-77,-76,-88,P_2_2
-74,-75,-78,-81,-77,-78,-76,-76,-86,P_2_2
-74,-74,-76,-80,-78,-79,-77,-77,-83,P_2_2
-74,-76,-75,-79,-78,-80,-77,-74,-81,P_2_2
-74,-76,-77,-81,-78,-80,-77,-77,-84,P_2_2
-74,-73,-77,-81,-79,-79,-77,-76,-84,P_2_2
-87,-87,-80,-74,-77,-71,-60,-71,-63,P_9_3
-80,-82,-85,-79,-83,-71,-69,-63,-62,P_9_3
-78,-85,-84,-80,-83,-70,-69,-61,-65,P_9_3
-76,-96,-82,-80,-80,-74,-68,-69,-68,P_9_3
-78,-88,-83,-80,-80,-73,-69,-67,-72,P_9_3
-80,-81,-84,-78,-78,-73,-75,-71,-72,P_9_3
-76,-79,-79,-72,-79,-71,-67,-71,-68,P_9_3
-76,-82,-87,-76,-78,-68,-67,-66,-66,P_9_3
-76,-82,-82,-77,-78,-71,-63,-68,-68,P_9_3
-77,-82,-86,-78,-85,-71,-63,-67,-69,P_9_3
-77,-80,-84,-76,-79,-75,-67,-72,-71,P_9_3
-77,-82,-85,-78,-80,-74,-65,-70,-73,P_9_3
-80,-83,-94,-77,-76,-72,-65,-68,-70,P_9_3
-81,-82,-85,-77,-78,-70,-66,-67,-67,P_9_3
-76,-105,-82,-76,-82,-72,-67,-69,-72,P_9_3
-82,-83,-90,-105,-78,-72,-63,-69,-70,P_9_3
-80,-79,-82,-82,-74,-68,-67,-68,-72,P_7_3
-78,-86,-82,-72,-72,-70,-62,-73,-80,P_7_3
-76,-84,-84,-73,-78,-70,-60,-72,-78,P_7_3
-78,-85,-83,-78,-71,-80,-68,-72,-74,P_7_3
-76,-89,-79,-81,-71,-73,-65,-89,-74,P_7_3
-78,-85,-78,-80,-72,-74,-66,-69,-73,P_7_3
-76,-105,-80,-76,-76,-74,-72,-69,-75,P_7_3
-76,-74,-81,-83,-74,-76,-62,-79,-72,P_7_3
-76,-72,-82,-81,-76,-71,-62,-76,-78,P_7_3
-82,-74,-86,-78,-76,-76,-67,-75,-77,P_7_3
-80,-76,-83,-96,-75,-76,-61,-105,-77,P_7_3
-77,-74,-82,-80,-76,-74,-63,-82,-75,P_7_3
-76,-74,-84,-78,-76,-80,-67,-73,-76,P_7_3
-76,-86,-76,-76,-77,-69,-62,-74,-78,P_7_3
-75,-79,-82,-77,-74,-70,-61,-70,-74,P_7_3
-80,-78,-82,-77,-73,-70,-60,-71,-72,P_7_3
-79,-79,-77,-83,-74,-71,-62,-79,-74,P_7_3
-79,-81,-84,-79,-73,-72,-73,-68,-75,P_7_3
-63,-74,-67,-76,-78,-78,-80,-76,-84,P_1_3
-62,-70,-66,-73,-84,-75,-84,-78,-79,P_1_3
-63,-72,-73,-74,-83,-80,-84,-78,-80,P_1_3
-63,-73,-75,-75,-84,-80,-86,-75,-81,P_1_3
-63,-76,-74,-75,-83,-80,-82,-79,-80,P_1_3
-63,-76,-76,-74,-82,-81,-82,-78,-80,P_1_3
-63,-77,-75,-74,-87,-81,-84,-74,-81,P_1_3
-63,-78,-74,-76,-84,-81,-82,-76,-80,P_1_3
-63,-77,-74,-76,-83,-81,-82,-76,-80,P_1_3
-68,-78,-75,-76,-85,-80,-83,-74,-80,P_1_3
-63,-78,-74,-76,-84,-80,-84,-75,-80,P_1_3
-64,-78,-72,-76,-85,-79,-84,-74,-80,P_1_3
-63,-77,-69,-76,-85,-79,-80,-72,-80,P_1_3
-64,-80,-70,-76,-84,-78,-80,-72,-80,P_1_3
-66,-82,-70,-78,-87,-77,-84,-74,-83,P_1_3
-66,-80,-68,-78,-87,-76,-83,-73,-82,P_1_3
-64,-83,-67,-80,-86,-77,-82,-71,-82,P_1_3
-65,-81,-68,-77,-87,-77,-85,-71,-82,P_1_3
-66,-80,-67,-76,-86,-78,-83,-75,-82,P_1_3
-66,-79,-68,-82,-86,-77,-83,-73,-83,P_1_3
-64,-80,-69,-77,-86,-78,-84,-73,-82,P_1_3
-66,-82,-68,-77,-88,-78,-83,-72,-84,P_1_3
-66,-84,-67,-77,-85,-78,-82,-73,-83,P_1_3
-66,-82,-68,-77,-86,-78,-82,-73,-84,P_1_3
-66,-82,-67,-77,-85,-78,-82,-72,-86,P_1_3
-66,-79,-67,-76,-86,-79,-82,-76,-84,P_1_3
-67,-77,-67,-76,-86,-79,-83,-76,-84,P_1_3
-67,-77,-67,-76,-87,-78,-81,-74,-83,P_1_3
-66,-83,-67,-77,-85,-78,-80,-72,-83,P_1_3
